[{"model": "admin.logentry", "pk": 1, "fields": {"action_time": "2020-11-03T03:42:52.014Z", "user": 1, "content_type": 13, "object_id": "1", "object_repr": "Jellyfish", "action_flag": 1, "change_message": "[{\"added\": {}}]"}}, {"model": "admin.logentry", "pk": 2, "fields": {"action_time": "2020-11-03T03:54:45.069Z", "user": 1, "content_type": 13, "object_id": "1", "object_repr": "Jellyfish", "action_flag": 2, "change_message": "[]"}}, {"model": "admin.logentry", "pk": 3, "fields": {"action_time": "2020-11-03T04:02:17.926Z", "user": 1, "content_type": 13, "object_id": "2", "object_repr": "Black Train on Rail and Showing Smoke", "action_flag": 1, "change_message": "[{\"added\": {}}]"}}, {"model": "admin.logentry", "pk": 4, "fields": {"action_time": "2020-11-03T04:05:08.545Z", "user": 1, "content_type": 13, "object_id": "3", "object_repr": "A Man Showing His Bike In A Parking Area", "action_flag": 1, "change_message": "[{\"added\": {}}]"}}, {"model": "admin.logentry", "pk": 5, "fields": {"action_time": "2020-11-03T04:07:24.431Z", "user": 1, "content_type": 13, "object_id": "4", "object_repr": "Time Lapse Photography of White Commercial Airplane", "action_flag": 1, "change_message": "[{\"added\": {}}]"}}, {"model": "admin.logentry", "pk": 6, "fields": {"action_time": "2020-11-03T04:10:45.214Z", "user": 1, "content_type": 13, "object_id": "5", "object_repr": "White and Blue Sailboat on Sea", "action_flag": 1, "change_message": "[{\"added\": {}}]"}}, {"model": "admin.logentry", "pk": 7, "fields": {"action_time": "2020-11-03T04:13:40.427Z", "user": 1, "content_type": 13, "object_id": "6", "object_repr": "Person in Gray Jacket Riding Red Bicycle", "action_flag": 1, "change_message": "[{\"added\": {}}]"}}, {"model": "admin.logentry", "pk": 8, "fields": {"action_time": "2020-11-03T04:16:31.639Z", "user": 1, "content_type": 13, "object_id": "7", "object_repr": "Three Boy in Orange Suits", "action_flag": 1, "change_message": "[{\"added\": {}}]"}}, {"model": "admin.logentry", "pk": 9, "fields": {"action_time": "2020-11-03T04:20:10.051Z", "user": 1, "content_type": 13, "object_id": "8", "object_repr": "Woman Wearing White Long-sleeved Dress Holding White Flower Sitting Beside of Man Wearing White Dress Shirt and Black Pants", "action_flag": 1, "change_message": "[{\"added\": {}}]"}}, {"model": "admin.logentry", "pk": 10, "fields": {"action_time": "2020-11-03T04:22:58.084Z", "user": 1, "content_type": 13, "object_id": "9", "object_repr": "Woman in Black Hijab and Black Top While Holding Soccer Ball", "action_flag": 1, "change_message": "[{\"added\": {}}]"}}, {"model": "admin.logentry", "pk": 11, "fields": {"action_time": "2020-11-03T04:26:02.906Z", "user": 1, "content_type": 13, "object_id": "10", "object_repr": "Man in Black Suit Jacket Smiling", "action_flag": 1, "change_message": "[{\"added\": {}}]"}}, {"model": "admin.logentry", "pk": 12, "fields": {"action_time": "2020-11-03T04:28:17.672Z", "user": 1, "content_type": 13, "object_id": "11", "object_repr": "Woman in Blue Crop-top and Distressed Blue Denim Jeans Holding Black Handbag Walking on Road", "action_flag": 1, "change_message": "[{\"added\": {}}]"}}, {"model": "admin.logentry", "pk": 13, "fields": {"action_time": "2020-11-03T04:32:33.440Z", "user": 1, "content_type": 13, "object_id": "12", "object_repr": "Photo Of Windmills During Dawn", "action_flag": 1, "change_message": "[{\"added\": {}}]"}}, {"model": "admin.logentry", "pk": 14, "fields": {"action_time": "2020-11-03T04:35:53.364Z", "user": 1, "content_type": 13, "object_id": "13", "object_repr": "Engineer Fitting Prosthetic Arm", "action_flag": 1, "change_message": "[{\"added\": {}}]"}}, {"model": "admin.logentry", "pk": 15, "fields": {"action_time": "2020-11-03T04:40:04.906Z", "user": 1, "content_type": 13, "object_id": "14", "object_repr": "Photo Of Man Using Virtual Reality Headset", "action_flag": 1, "change_message": "[{\"added\": {}}]"}}, {"model": "admin.logentry", "pk": 16, "fields": {"action_time": "2020-11-03T04:43:35.204Z", "user": 1, "content_type": 13, "object_id": "15", "object_repr": "Launching of White Space Shuttle", "action_flag": 1, "change_message": "[{\"added\": {}}]"}}, {"model": "admin.logentry", "pk": 17, "fields": {"action_time": "2020-11-03T04:46:17.905Z", "user": 1, "content_type": 13, "object_id": "16", "object_repr": "Woman Standing While Carrying Laptop", "action_flag": 1, "change_message": "[{\"added\": {}}]"}}, {"model": "admin.logentry", "pk": 18, "fields": {"action_time": "2020-11-03T04:48:09.817Z", "user": 1, "content_type": 13, "object_id": "17", "object_repr": "Drone Flying Against Blue Sky", "action_flag": 1, "change_message": "[{\"added\": {}}]"}}, {"model": "admin.logentry", "pk": 19, "fields": {"action_time": "2020-11-03T04:48:34.891Z", "user": 1, "content_type": 13, "object_id": "17", "object_repr": "Drone Flying Against Blue Sky", "action_flag": 2, "change_message": "[{\"changed\": {\"fields\": [\"Image\"]}}]"}}, {"model": "admin.logentry", "pk": 20, "fields": {"action_time": "2020-11-03T04:52:10.521Z", "user": 1, "content_type": 13, "object_id": "18", "object_repr": "Bright yellow flowers with thin petals", "action_flag": 1, "change_message": "[{\"added\": {}}]"}}, {"model": "admin.logentry", "pk": 21, "fields": {"action_time": "2020-11-03T04:55:16.801Z", "user": 1, "content_type": 13, "object_id": "19", "object_repr": "Lake and Mountain Under White Sky", "action_flag": 1, "change_message": "[{\"added\": {}}]"}}, {"model": "admin.logentry", "pk": 22, "fields": {"action_time": "2020-11-03T04:58:11.850Z", "user": 1, "content_type": 13, "object_id": "20", "object_repr": "Aerial Photography of Seashore", "action_flag": 1, "change_message": "[{\"added\": {}}]"}}, {"model": "admin.logentry", "pk": 23, "fields": {"action_time": "2020-11-03T05:04:33.322Z", "user": 1, "content_type": 13, "object_id": "21", "object_repr": "Landscape Photography of Waterfalls Surrounded by Green Leafed Plants", "action_flag": 1, "change_message": "[{\"added\": {}}]"}}, {"model": "admin.logentry", "pk": 24, "fields": {"action_time": "2020-11-03T05:07:03.837Z", "user": 1, "content_type": 13, "object_id": "22", "object_repr": "Photo of Snow Capped Mountain During Evening", "action_flag": 1, "change_message": "[{\"added\": {}}]"}}, {"model": "admin.logentry", "pk": 25, "fields": {"action_time": "2020-11-03T05:10:15.315Z", "user": 1, "content_type": 13, "object_id": "23", "object_repr": "Bathroom Interior", "action_flag": 1, "change_message": "[{\"added\": {}}]"}}, {"model": "admin.logentry", "pk": 26, "fields": {"action_time": "2020-11-03T05:12:34.826Z", "user": 1, "content_type": 13, "object_id": "24", "object_repr": "Woman in cozy attic room admiring outdoors view", "action_flag": 1, "change_message": "[{\"added\": {}}]"}}, {"model": "admin.logentry", "pk": 27, "fields": {"action_time": "2020-11-03T05:15:19.572Z", "user": 1, "content_type": 13, "object_id": "25", "object_repr": "White Ceramic Bowl on White Table", "action_flag": 1, "change_message": "[{\"added\": {}}]"}}, {"model": "admin.logentry", "pk": 28, "fields": {"action_time": "2020-11-03T05:17:24.628Z", "user": 1, "content_type": 13, "object_id": "26", "object_repr": "Assorted Clothes Hanged Inside Cabinet", "action_flag": 1, "change_message": "[{\"added\": {}}]"}}, {"model": "admin.logentry", "pk": 29, "fields": {"action_time": "2020-11-03T05:19:37.189Z", "user": 1, "content_type": 13, "object_id": "26", "object_repr": "Assorted Clothes Hanged Inside Cabinet", "action_flag": 2, "change_message": "[{\"changed\": {\"fields\": [\"Image\"]}}]"}}, {"model": "admin.logentry", "pk": 30, "fields": {"action_time": "2020-11-03T05:24:01.938Z", "user": 1, "content_type": 13, "object_id": "27", "object_repr": "Turned-on Gray Flat Screen Smart Tv", "action_flag": 1, "change_message": "[{\"added\": {}}]"}}, {"model": "admin.logentry", "pk": 31, "fields": {"action_time": "2020-11-03T05:27:19.194Z", "user": 1, "content_type": 13, "object_id": "28", "object_repr": "Pancake With Honey on Plate", "action_flag": 1, "change_message": "[{\"added\": {}}]"}}, {"model": "admin.logentry", "pk": 32, "fields": {"action_time": "2020-11-03T05:30:02.410Z", "user": 1, "content_type": 13, "object_id": "29", "object_repr": "Orange Slices", "action_flag": 1, "change_message": "[{\"added\": {}}]"}}, {"model": "admin.logentry", "pk": 33, "fields": {"action_time": "2020-11-03T05:32:23.380Z", "user": 1, "content_type": 13, "object_id": "30", "object_repr": "Cooked Food in Stainless Steel Plate", "action_flag": 1, "change_message": "[{\"added\": {}}]"}}, {"model": "admin.logentry", "pk": 34, "fields": {"action_time": "2020-11-03T05:35:31.942Z", "user": 1, "content_type": 13, "object_id": "31", "object_repr": "Close-up of Pizza", "action_flag": 1, "change_message": "[{\"added\": {}}]"}}, {"model": "admin.logentry", "pk": 35, "fields": {"action_time": "2020-11-03T05:38:11.923Z", "user": 1, "content_type": 13, "object_id": "32", "object_repr": "Photo Of Person Holding Almond", "action_flag": 1, "change_message": "[{\"added\": {}}]"}}, {"model": "admin.logentry", "pk": 36, "fields": {"action_time": "2020-11-03T05:48:53.574Z", "user": 1, "content_type": 13, "object_id": "33", "object_repr": "Unrecognizable man standing on street against modern residential buildings", "action_flag": 1, "change_message": "[{\"added\": {}}]"}}, {"model": "admin.logentry", "pk": 37, "fields": {"action_time": "2020-11-03T05:54:54.436Z", "user": 1, "content_type": 13, "object_id": "34", "object_repr": "Brown and Blue Concrete Building", "action_flag": 1, "change_message": "[{\"added\": {}}]"}}, {"model": "admin.logentry", "pk": 38, "fields": {"action_time": "2020-11-03T05:56:45.721Z", "user": 1, "content_type": 13, "object_id": "35", "object_repr": "High-rise Building", "action_flag": 1, "change_message": "[{\"added\": {}}]"}}, {"model": "admin.logentry", "pk": 39, "fields": {"action_time": "2020-11-03T05:58:43.405Z", "user": 1, "content_type": 13, "object_id": "36", "object_repr": "Blue and Gray High Rise Building", "action_flag": 1, "change_message": "[{\"added\": {}}]"}}, {"model": "admin.logentry", "pk": 40, "fields": {"action_time": "2020-11-03T06:02:02.704Z", "user": 1, "content_type": 13, "object_id": "36", "object_repr": "Blue and Gray High Rise Building", "action_flag": 2, "change_message": "[{\"changed\": {\"fields\": [\"Image\"]}}]"}}, {"model": "admin.logentry", "pk": 41, "fields": {"action_time": "2020-11-03T06:02:15.755Z", "user": 1, "content_type": 13, "object_id": "36", "object_repr": "Blue and Gray High Rise Building", "action_flag": 2, "change_message": "[{\"changed\": {\"fields\": [\"Image\"]}}]"}}, {"model": "admin.logentry", "pk": 42, "fields": {"action_time": "2020-11-03T06:05:05.223Z", "user": 1, "content_type": 13, "object_id": "37", "object_repr": "High-angle Photography of Gray Tower", "action_flag": 1, "change_message": "[{\"added\": {}}]"}}, {"model": "admin.logentry", "pk": 43, "fields": {"action_time": "2020-11-03T06:06:48.618Z", "user": 1, "content_type": 13, "object_id": "38", "object_repr": "Shallow Focus Photography of Monkey", "action_flag": 1, "change_message": "[{\"added\": {}}]"}}, {"model": "admin.logentry", "pk": 44, "fields": {"action_time": "2020-11-03T06:08:08.537Z", "user": 1, "content_type": 13, "object_id": "39", "object_repr": "Green and Lime Bird on Gray Wood Log", "action_flag": 1, "change_message": "[{\"added\": {}}]"}}, {"model": "admin.logentry", "pk": 45, "fields": {"action_time": "2020-11-03T06:20:19.959Z", "user": 1, "content_type": 13, "object_id": "40", "object_repr": "Bird Flying", "action_flag": 1, "change_message": "[{\"added\": {}}]"}}, {"model": "admin.logentry", "pk": 46, "fields": {"action_time": "2020-11-03T06:22:05.125Z", "user": 1, "content_type": 13, "object_id": "41", "object_repr": "Photo Of Deer On Snow", "action_flag": 1, "change_message": "[{\"added\": {}}]"}}, {"model": "admin.logentry", "pk": 47, "fields": {"action_time": "2020-11-03T06:24:52.702Z", "user": 1, "content_type": 13, "object_id": "42", "object_repr": "Blue and White Abstract Painting", "action_flag": 1, "change_message": "[{\"added\": {}}]"}}, {"model": "admin.logentry", "pk": 48, "fields": {"action_time": "2020-11-03T06:25:54.842Z", "user": 1, "content_type": 13, "object_id": "43", "object_repr": "Time Lapse Photography of Light on Women's Head", "action_flag": 1, "change_message": "[{\"added\": {}}]"}}, {"model": "admin.logentry", "pk": 49, "fields": {"action_time": "2020-11-03T06:27:27.167Z", "user": 1, "content_type": 13, "object_id": "44", "object_repr": "Whiteand blue Abstract Painting", "action_flag": 1, "change_message": "[{\"added\": {}}]"}}, {"model": "admin.logentry", "pk": 50, "fields": {"action_time": "2020-11-03T06:28:20.922Z", "user": 1, "content_type": 13, "object_id": "45", "object_repr": "Close-Up-Photo Of Painting", "action_flag": 1, "change_message": "[{\"added\": {}}]"}}, {"model": "admin.logentry", "pk": 51, "fields": {"action_time": "2020-11-03T06:29:24.266Z", "user": 1, "content_type": 13, "object_id": "46", "object_repr": "Photo of multicolored illustration", "action_flag": 1, "change_message": "[{\"added\": {}}]"}}, {"model": "auth.permission", "fields": {"name": "Can add log entry", "content_type": 1, "codename": "add_logentry"}}, {"model": "auth.permission", "fields": {"name": "Can change log entry", "content_type": 1, "codename": "change_logentry"}}, {"model": "auth.permission", "fields": {"name": "Can delete log entry", "content_type": 1, "codename": "delete_logentry"}}, {"model": "auth.permission", "fields": {"name": "Can view log entry", "content_type": 1, "codename": "view_logentry"}}, {"model": "auth.permission", "fields": {"name": "Can add permission", "content_type": 2, "codename": "add_permission"}}, {"model": "auth.permission", "fields": {"name": "Can change permission", "content_type": 2, "codename": "change_permission"}}, {"model": "auth.permission", "fields": {"name": "Can delete permission", "content_type": 2, "codename": "delete_permission"}}, {"model": "auth.permission", "fields": {"name": "Can view permission", "content_type": 2, "codename": "view_permission"}}, {"model": "auth.permission", "fields": {"name": "Can add group", "content_type": 3, "codename": "add_group"}}, {"model": "auth.permission", "fields": {"name": "Can change group", "content_type": 3, "codename": "change_group"}}, {"model": "auth.permission", "fields": {"name": "Can delete group", "content_type": 3, "codename": "delete_group"}}, {"model": "auth.permission", "fields": {"name": "Can view group", "content_type": 3, "codename": "view_group"}}, {"model": "auth.permission", "fields": {"name": "Can add user", "content_type": 4, "codename": "add_user"}}, {"model": "auth.permission", "fields": {"name": "Can change user", "content_type": 4, "codename": "change_user"}}, {"model": "auth.permission", "fields": {"name": "Can delete user", "content_type": 4, "codename": "delete_user"}}, {"model": "auth.permission", "fields": {"name": "Can view user", "content_type": 4, "codename": "view_user"}}, {"model": "auth.permission", "fields": {"name": "Can add content type", "content_type": 5, "codename": "add_contenttype"}}, {"model": "auth.permission", "fields": {"name": "Can change content type", "content_type": 5, "codename": "change_contenttype"}}, {"model": "auth.permission", "fields": {"name": "Can delete content type", "content_type": 5, "codename": "delete_contenttype"}}, {"model": "auth.permission", "fields": {"name": "Can view content type", "content_type": 5, "codename": "view_contenttype"}}, {"model": "auth.permission", "fields": {"name": "Can add session", "content_type": 6, "codename": "add_session"}}, {"model": "auth.permission", "fields": {"name": "Can change session", "content_type": 6, "codename": "change_session"}}, {"model": "auth.permission", "fields": {"name": "Can delete session", "content_type": 6, "codename": "delete_session"}}, {"model": "auth.permission", "fields": {"name": "Can view session", "content_type": 6, "codename": "view_session"}}, {"model": "auth.permission", "fields": {"name": "Can add site", "content_type": 7, "codename": "add_site"}}, {"model": "auth.permission", "fields": {"name": "Can change site", "content_type": 7, "codename": "change_site"}}, {"model": "auth.permission", "fields": {"name": "Can delete site", "content_type": 7, "codename": "delete_site"}}, {"model": "auth.permission", "fields": {"name": "Can view site", "content_type": 7, "codename": "view_site"}}, {"model": "auth.permission", "fields": {"name": "Can add email address", "content_type": 8, "codename": "add_emailaddress"}}, {"model": "auth.permission", "fields": {"name": "Can change email address", "content_type": 8, "codename": "change_emailaddress"}}, {"model": "auth.permission", "fields": {"name": "Can delete email address", "content_type": 8, "codename": "delete_emailaddress"}}, {"model": "auth.permission", "fields": {"name": "Can view email address", "content_type": 8, "codename": "view_emailaddress"}}, {"model": "auth.permission", "fields": {"name": "Can add email confirmation", "content_type": 9, "codename": "add_emailconfirmation"}}, {"model": "auth.permission", "fields": {"name": "Can change email confirmation", "content_type": 9, "codename": "change_emailconfirmation"}}, {"model": "auth.permission", "fields": {"name": "Can delete email confirmation", "content_type": 9, "codename": "delete_emailconfirmation"}}, {"model": "auth.permission", "fields": {"name": "Can view email confirmation", "content_type": 9, "codename": "view_emailconfirmation"}}, {"model": "auth.permission", "fields": {"name": "Can add social account", "content_type": 10, "codename": "add_socialaccount"}}, {"model": "auth.permission", "fields": {"name": "Can change social account", "content_type": 10, "codename": "change_socialaccount"}}, {"model": "auth.permission", "fields": {"name": "Can delete social account", "content_type": 10, "codename": "delete_socialaccount"}}, {"model": "auth.permission", "fields": {"name": "Can view social account", "content_type": 10, "codename": "view_socialaccount"}}, {"model": "auth.permission", "fields": {"name": "Can add social application", "content_type": 11, "codename": "add_socialapp"}}, {"model": "auth.permission", "fields": {"name": "Can change social application", "content_type": 11, "codename": "change_socialapp"}}, {"model": "auth.permission", "fields": {"name": "Can delete social application", "content_type": 11, "codename": "delete_socialapp"}}, {"model": "auth.permission", "fields": {"name": "Can view social application", "content_type": 11, "codename": "view_socialapp"}}, {"model": "auth.permission", "fields": {"name": "Can add social application token", "content_type": 12, "codename": "add_socialtoken"}}, {"model": "auth.permission", "fields": {"name": "Can change social application token", "content_type": 12, "codename": "change_socialtoken"}}, {"model": "auth.permission", "fields": {"name": "Can delete social application token", "content_type": 12, "codename": "delete_socialtoken"}}, {"model": "auth.permission", "fields": {"name": "Can view social application token", "content_type": 12, "codename": "view_socialtoken"}}, {"model": "auth.permission", "fields": {"name": "Can add product", "content_type": 13, "codename": "add_product"}}, {"model": "auth.permission", "fields": {"name": "Can change product", "content_type": 13, "codename": "change_product"}}, {"model": "auth.permission", "fields": {"name": "Can delete product", "content_type": 13, "codename": "delete_product"}}, {"model": "auth.permission", "fields": {"name": "Can view product", "content_type": 13, "codename": "view_product"}}, {"model": "auth.permission", "fields": {"name": "Can add category", "content_type": 14, "codename": "add_category"}}, {"model": "auth.permission", "fields": {"name": "Can change category", "content_type": 14, "codename": "change_category"}}, {"model": "auth.permission", "fields": {"name": "Can delete category", "content_type": 14, "codename": "delete_category"}}, {"model": "auth.permission", "fields": {"name": "Can view category", "content_type": 14, "codename": "view_category"}}, {"model": "auth.permission", "fields": {"name": "Can add order", "content_type": 15, "codename": "add_order"}}, {"model": "auth.permission", "fields": {"name": "Can change order", "content_type": 15, "codename": "change_order"}}, {"model": "auth.permission", "fields": {"name": "Can delete order", "content_type": 15, "codename": "delete_order"}}, {"model": "auth.permission", "fields": {"name": "Can view order", "content_type": 15, "codename": "view_order"}}, {"model": "auth.permission", "fields": {"name": "Can add order line item", "content_type": 16, "codename": "add_orderlineitem"}}, {"model": "auth.permission", "fields": {"name": "Can change order line item", "content_type": 16, "codename": "change_orderlineitem"}}, {"model": "auth.permission", "fields": {"name": "Can delete order line item", "content_type": 16, "codename": "delete_orderlineitem"}}, {"model": "auth.permission", "fields": {"name": "Can view order line item", "content_type": 16, "codename": "view_orderlineitem"}}, {"model": "auth.permission", "fields": {"name": "Can add user profile", "content_type": 17, "codename": "add_userprofile"}}, {"model": "auth.permission", "fields": {"name": "Can change user profile", "content_type": 17, "codename": "change_userprofile"}}, {"model": "auth.permission", "fields": {"name": "Can delete user profile", "content_type": 17, "codename": "delete_userprofile"}}, {"model": "auth.permission", "fields": {"name": "Can view user profile", "content_type": 17, "codename": "view_userprofile"}}, {"model": "auth.user", "fields": {"password": "pbkdf2_sha256$216000$9mvXY3TSHsx4$/ORTWK3p95ZtGEfaCzUbtQKgsaVVDmGn8Mc6mWa0beA=", "last_login": "2020-11-17T01:53:03.867Z", "is_superuser": true, "username": "snoble", "first_name": "", "last_name": "", "email": "noblesaleka@hotmail.com", "is_staff": true, "is_active": true, "date_joined": "2020-11-02T23:14:17.936Z", "groups": [], "user_permissions": []}}, {"model": "contenttypes.contenttype", "fields": {"app_label": "admin", "model": "logentry"}}, {"model": "contenttypes.contenttype", "fields": {"app_label": "auth", "model": "permission"}}, {"model": "contenttypes.contenttype", "fields": {"app_label": "auth", "model": "group"}}, {"model": "contenttypes.contenttype", "fields": {"app_label": "auth", "model": "user"}}, {"model": "contenttypes.contenttype", "fields": {"app_label": "contenttypes", "model": "contenttype"}}, {"model": "contenttypes.contenttype", "fields": {"app_label": "sessions", "model": "session"}}, {"model": "contenttypes.contenttype", "fields": {"app_label": "sites", "model": "site"}}, {"model": "contenttypes.contenttype", "fields": {"app_label": "account", "model": "emailaddress"}}, {"model": "contenttypes.contenttype", "fields": {"app_label": "account", "model": "emailconfirmation"}}, {"model": "contenttypes.contenttype", "fields": {"app_label": "socialaccount", "model": "socialaccount"}}, {"model": "contenttypes.contenttype", "fields": {"app_label": "socialaccount", "model": "socialapp"}}, {"model": "contenttypes.contenttype", "fields": {"app_label": "socialaccount", "model": "socialtoken"}}, {"model": "contenttypes.contenttype", "fields": {"app_label": "products", "model": "product"}}, {"model": "contenttypes.contenttype", "fields": {"app_label": "products", "model": "category"}}, {"model": "contenttypes.contenttype", "fields": {"app_label": "checkout", "model": "order"}}, {"model": "contenttypes.contenttype", "fields": {"app_label": "checkout", "model": "orderlineitem"}}, {"model": "contenttypes.contenttype", "fields": {"app_label": "profiles", "model": "userprofile"}}, {"model": "sessions.session", "pk": "075nlzehfqgr8n112a361xd26l0pn2s9", "fields": {"session_data": "eyJiYWciOnsiMSI6MjB9fQ:1kdlpn:W_Qa9jBWmsWPSUntdAEyXVjlFgGBMiRn6pWV9JGaveA", "expire_date": "2020-11-28T03:02:39.437Z"}}, {"model": "sessions.session", "pk": "28klts94hvu6qzri6dhuf99wj0gtevds", "fields": {"session_data": "e30:1keq9w:wouAG5dwfNTavHnRnYDbtp4nD8NzWgSAlYutbIKG6kI", "expire_date": "2020-12-01T01:51:52.685Z"}}, {"model": "sessions.session", "pk": "akfjy8wdnyj9cpek7cpewvt7x2xkqb3g", "fields": {"session_data": ".eJxVjMEOwiAQBf-Fc0OgWSj06N1vIFtYLGrAQGs0xn_XJj3o9c28eTGH6zK7tVF1KbCRSdb9bhP6C-UNhDPmU-G-5KWmiW8K32njxxLoetjdv8CMbf6-ozAKYOrRTuBhMEpb1DJoib1RcghG-KBAodVRGmmDBQkRIgmP4HVPW7RRa6lkR49bqk82io41vJNLORY2LnWl9we5fkSv:1kf4YA:z6q1UbEwHpzu-dv-_JU2rrzvYAuRgWFnSMiAL04T9MA", "expire_date": "2020-12-01T17:13:50.376Z"}}, {"model": "sessions.session", "pk": "bwwi00e94yrtri4mqhkluwgkg7n70m92", "fields": {"session_data": ".eJxVjs0KwyAQhN_FcxBXVqM59t5nCKurMW1JID-nkHevgRza08DMN8Mcoqd9K_2-pqUfWXQCRPPrBYrvNF0Bv2gaZhnnaVvGIC9E3ukqnzOnz-Nm_wYKraW2s3IGMWjyASO2zlhPFtgCaWegZaciGzTkbQYHnj0CZsxJRcJodaqjgQbRHfVgB41AVeU8v38aPDk:1ke4Au:4-V9Z2R3-LS_fVbCxb_CxAc27vL5jQexsV5oZdlLgBE", "expire_date": "2020-11-28T22:37:40.755Z"}}, {"model": "sessions.session", "pk": "ho9ve3e7j8s0wf2jp5huivrvvdbm9yom", "fields": {"session_data": ".eJxVjMEOwiAQBf-FsyHQLBR69O43kIUFixow0CYa479rk156fTPzPsz12HuuxcXXM7c3m8SJOVyX2a09NpeJTUyyw-Yx3GPZAN2wXCsPtSwte74pfKedXyrFx3l3Dwcz9vlfJ2EUgB_QeggwGqUtakla4mCUHMmIQAoUWp2kkZYsSEiQoggIQQ-RfX_sJD6L:1kZn0p:DHSSlIb-prFj5FMaUj-csFs30tpEqfk6BsArMp2X6H8", "expire_date": "2020-11-17T03:29:35.118Z"}}, {"model": "sessions.session", "pk": "s0zuxalxavpfzmmlfv2hux6wuykk5jeo", "fields": {"session_data": "e30:1keq92:6xwFHbE15rTPoTeTePffzlo2evA_K0mR5R_aIU2wsdE", "expire_date": "2020-12-01T01:50:56.739Z"}}, {"model": "sessions.session", "pk": "sqba34rf1j0frh6fouiknlns3jlwmfgo", "fields": {"session_data": "eyJzYXZlX2luZm8iOmZhbHNlfQ:1kf5s4:YZgZm7niXnmWgBu5pb15SGwXbyKXIiMoDatAuIh_0TI", "expire_date": "2020-12-01T18:38:28.710Z"}}, {"model": "sites.site", "fields": {"domain": "example.com", "name": "example.com"}}, {"model": "account.emailaddress", "pk": 1, "fields": {"user": 1, "email": "noblesaleka@hotmail.com", "verified": true, "primary": true}}, {"model": "products.category", "pk": 1, "fields": {"name": "abstract", "friendly_name": "abstract", "image": "abstract.jpg"}}, {"model": "products.category", "pk": 2, "fields": {"name": "animals", "friendly_name": "animals", "image": "animals.jpg"}}, {"model": "products.category", "pk": 3, "fields": {"name": "building", "friendly_name": "building", "image": "building.jpg"}}, {"model": "products.category", "pk": 4, "fields": {"name": "food", "friendly_name": "food", "image": "food.jpg"}}, {"model": "products.category", "pk": 5, "fields": {"name": "interior", "friendly_name": "interior", "image": "interior.jpg"}}, {"model": "products.category", "pk": 6, "fields": {"name": "nature", "friendly_name": "nature", "image": "nature.jpg"}}, {"model": "products.category", "pk": 7, "fields": {"name": "people", "friendly_name": "people", "image": "people.jpg"}}, {"model": "products.category", "pk": 8, "fields": {"name": "technology", "friendly_name": "technology", "image": "technology.jpg"}}, {"model": "products.category", "pk": 9, "fields": {"name": "transportation", "friendly_name": "transportation", "image": "transportation.jpg"}}, {"model": "products.product", "pk": 1, "fields": {"name": "Jellyfish", "price": "4.47", "category": 2, "lens": "135mm+", "resolution": "3200px x 4800px", "camera": "iPhone XR", "software": "Picasa", "aspectRatio": "2:3", "image": "pexels-guillaume-meurice-1894350.jpg", "photographer": "Guillaume Meurice"}}, {"model": "products.product", "pk": 2, "fields": {"name": "Black Train on Rail and Showing Smoke", "price": "5.50", "category": 9, "lens": "110.0mm ƒ/4.2 1/400s ISO 1600", "resolution": "3636px x 2583px", "camera": "NIKON D40X", "software": "Adobe Photoshop Lightroom Classic 8.0 (Macintosh)", "aspectRatio": "404:287", "image": "pexels-pixabay-72594.jpg", "photographer": "Pixabay"}}, {"model": "products.product", "pk": 3, "fields": {"name": "A Man Showing His Bike In A Parking Area", "price": "8.49", "category": 9, "lens": "133.0mm ƒ/4.0 ISO 100", "resolution": "4000px x 6000px", "camera": "ILCE-7M2", "software": "Adobe Lightroom 2.4 (Macintosh)", "aspectRatio": "2:3", "image": "pexels-gijs-coolen-2880476.jpg", "photographer": "Gijs Coolen"}}, {"model": "products.product", "pk": 4, "fields": {"name": "Time Lapse Photography of White Commercial Airplane", "price": "7.59", "category": 9, "lens": "600.0mm ƒ/8.0 1/1000s", "resolution": "5315px x 2362px", "camera": "NIKON D7100", "software": "Adobe Lightroom 2.4 (Macintosh)", "aspectRatio": "2:3", "image": "pexels-pixabay-358319.jpg", "photographer": "Pixabay"}}, {"model": "products.product", "pk": 5, "fields": {"name": "White and Blue Sailboat on Sea", "price": "5.47", "category": 9, "lens": "200.0mm ƒ/6.3 ISO 100", "resolution": "5568px x 3132px", "camera": "NIKON D500", "software": "Adobe Photoshop Lightroom 6.0 (Windows)", "aspectRatio": "16:9", "image": "pexels-george-desipris-1266884.jpg", "photographer": "GEORGE DESIPRIS"}}, {"model": "products.product", "pk": 6, "fields": {"name": "Person in Gray Jacket Riding Red Bicycle", "price": "7.49", "category": 9, "lens": "23.0mm ƒ/2.2 0.0006666666666666666s ISO 400", "resolution": "5142px x 3428px", "camera": "X100F", "software": "Adobe Photoshop Lightroom Classic 9.1 (Macintosh)", "aspectRatio": "3:2", "image": "pexels-cottonbro-4604564.jpg", "photographer": "cottonbro"}}, {"model": "products.product", "pk": 7, "fields": {"name": "Three Boy in Orange Suits", "price": "7.49", "category": 7, "lens": "135mm+", "resolution": "3888px x 2592px", "camera": "NIKON D90", "software": "Adobe Photoshop Lightroom 6.0 (Windows)", "aspectRatio": "3:2", "image": "pexels-pixabay-236302.jpg", "photographer": "Pixabay"}}, {"model": "products.product", "pk": 8, "fields": {"name": "Woman Wearing White Long-sleeved Dress Holding White Flower Sitting Beside of Man Wearing White Dress Shirt and Black Pants", "price": "7.29", "category": 7, "lens": "0.0mm ISO 250", "resolution": "6000px x 4000px", "camera": "ILCE-6000", "software": "VSCO Android Version: v3.4.7 (412)", "aspectRatio": "3:2", "image": "pexels-danu-hidayatur-rahman-2817239.jpg", "photographer": "Danu Hidayatur Rahman"}}, {"model": "products.product", "pk": 9, "fields": {"name": "Woman in Black Hijab and Black Top While Holding Soccer Ball", "price": "6.99", "category": 7, "lens": "50.0mm ƒ/2.2 0.005555555555555556s ISO 500", "resolution": "2736px x 3830px", "camera": "Canon EOS 6D", "software": "Adobe Photoshop Lightroom Classic 9.1 (Macintosh)", "aspectRatio": "1368:1915", "image": "pexels-rfstudio-3819597.jpg", "photographer": "RF._.studio"}}, {"model": "products.product", "pk": 10, "fields": {"name": "Man in Black Suit Jacket Smiling", "price": "5.59", "category": 7, "lens": "50.0mm ƒ/1.4 0.02s ISO 100", "resolution": "5687px x 3791px", "camera": "Canon EOS 5DS R", "software": "Adobe Photoshop CC (Macintosh)", "aspectRatio": "2:3", "image": "pexels-andrea-piacquadio-3760787.jpg", "photographer": "Andrea"}}, {"model": "products.product", "pk": 11, "fields": {"name": "Woman in Blue Crop-top and Distressed Blue Denim Jeans Holding Black Handbag Walking on Road", "price": "7.49", "category": 7, "lens": "85.0mm ƒ/2.2 ISO 100", "resolution": "3648px x 5472px", "camera": "Canon EOS 6D", "software": "Adobe Photoshop CC 2014 (Windows)", "aspectRatio": "2:3", "image": "pexels-godisable-jacob-1353029.jpg", "photographer": "Godisable"}}, {"model": "products.product", "pk": 12, "fields": {"name": "Photo Of Windmills During Dawn", "price": "8.29", "category": 8, "lens": "60.0mm ƒ/13.0 0.004s ISO 400", "resolution": "5184px x 3456px", "camera": "Canon EOS 60D", "software": "Adobe Photoshop Lightroom 6.0 (Windows)", "aspectRatio": "3:2", "image": "pexels-laura-penwell-3608056.jpg", "photographer": "Laura Penwell"}}, {"model": "products.product", "pk": 13, "fields": {"name": "Engineer Fitting Prosthetic Arm", "price": "6.69", "category": 8, "lens": "50.0mm ƒ/2.5 0.003125s ISO 800", "resolution": "3495px x 5242px", "camera": "Canon EOS-1D X Mark II", "software": "Adobe Photoshop Lightroom Classic 8.2.1 (Macintosh)", "aspectRatio": "3:2", "image": "pexels-thisisengineering-3912992.jpg", "photographer": "ThisIsEngineering"}}, {"model": "products.product", "pk": 14, "fields": {"name": "Photo Of Man Using Virtual Reality Headset", "price": "7.00", "category": 8, "lens": "18.0mm ƒ/5.6 ISO 800", "resolution": "4912px x 2760px", "camera": "SLT-A57", "software": "Adobe Photoshop CC 2018 (Windows)", "aspectRatio": "614:345", "image": "pexels-eugene-capon-1261820.jpg", "photographer": "Eugene Capon"}}, {"model": "products.product", "pk": 15, "fields": {"name": "Launching of White Space Shuttle", "price": "7.47", "category": 8, "lens": "35.0mm ƒ/1.8 0.00015625s ISO 50", "resolution": "1536px x 1022px", "camera": "Sony A7II", "software": "Adobe Photoshop Lightroom Classic 9.1 (Macintosh)", "aspectRatio": "768:511", "image": "pexels-pixabay-34521.jpg", "photographer": "Pixabay"}}, {"model": "products.product", "pk": 16, "fields": {"name": "Woman Standing While Carrying Laptop", "price": "8.39", "category": 8, "lens": "35.0mm ƒ/1.8 0.00015625s ISO 50", "resolution": "5644px x 3768px", "camera": "iPhone XR", "software": "Adobe Photoshop Lightroom Classic 7.4 (Windows)", "aspectRatio": "1411:942", "image": "pexels-christina-morillo-1181354.jpg", "photographer": "Christina Morillo"}}, {"model": "products.product", "pk": 17, "fields": {"name": "Drone Flying Against Blue Sky", "price": "8.39", "category": 8, "lens": "135.0mm ƒ/8.0 1/400s ISO 100", "resolution": "5472px x 3648px", "camera": "Canon EOS 70D", "software": "Adobe Photoshop Lightroom 6.8 (Windows)", "aspectRatio": "3:2", "image": "pexels-inmortal-producciones-336232.jpg", "photographer": "Inmortal"}}, {"model": "products.product", "pk": 18, "fields": {"name": "Bright yellow flowers with thin petals", "price": "5.99", "category": 6, "lens": "35.0mm ƒ/1.8 0.00015625s ISO 50", "resolution": "2160px x 2880px", "camera": "NIKON D90", "software": "Adobe Lightroom 5.4.2 (iOS)", "aspectRatio": "3:4", "image": "pexels-lisa-fotios-5363383.jpg", "photographer": "Lisa Fotios"}}, {"model": "products.product", "pk": 19, "fields": {"name": "Lake and Mountain Under White Sky", "price": "6.49", "category": 6, "lens": "10.0mm ƒ/3.5 1/30s ISO 100", "resolution": "5266px x 3403px", "camera": "Canon EOS 70D", "software": "Adobe Photoshop CC 2017 (Windows)", "aspectRatio": "3:2", "image": "pexels-eberhard-grossgasteiger-443446.jpg", "photographer": "Eberhard"}}, {"model": "products.product", "pk": 20, "fields": {"name": "Aerial Photography of Seashore", "price": "8.49", "category": 6, "lens": "4.73mm ƒ/2.2 ISO 100", "resolution": "2992px x 3992px", "camera": "FC220", "software": "Adobe Lightroom CC 2.0.2 (Macintosh)", "aspectRatio": "374:499", "image": "pexels-daria-shevtsova-1680140.jpg", "photographer": "Daria Shevtsova"}}, {"model": "products.product", "pk": 21, "fields": {"name": "Landscape Photography of Waterfalls Surrounded by Green Leafed Plants", "price": "6.69", "category": 6, "lens": "19.0mm ƒ/6.3 ISO 400", "resolution": "3986px x 5979px", "camera": "ILCE-6500", "software": "Adobe Photoshop Lightroom Classic 7.1 (Macintosh)", "aspectRatio": "2:3", "image": "pexels-oliver-sjöström-931007.jpg", "photographer": "Oliver"}}, {"model": "products.product", "pk": 22, "fields": {"name": "Photo of Snow Capped Mountain During Evening", "price": "7.69", "category": 6, "lens": "70.0mm ƒ/4.0 ISO 100", "resolution": "7952px x 5304px", "camera": "ILCE-7RM3", "software": "Adobe Photoshop Lightroom Classic 8.2 (Macintosh)", "aspectRatio": "994:663", "image": "pexels-ian-beckley-2440024.jpg", "photographer": "Ian Beckley"}}, {"model": "products.product", "pk": 23, "fields": {"name": "Bathroom Interior", "price": "4.89", "category": 5, "lens": "20.0mm ƒ/11.0 ISO 100", "resolution": "2912px x 3933px", "camera": "Canon EOS 5D", "software": "Adobe Photoshop Lightroom Classic 7.5 (Macintosh)", "aspectRatio": "3:2", "image": "pexels-jean-van-der-meulen-1457847.jpg", "photographer": "Jean"}}, {"model": "products.product", "pk": 24, "fields": {"name": "Woman in cozy attic room admiring outdoors view", "price": "6.69", "category": 5, "lens": "35.0mm ƒ/1.8 0.00015625s ISO 50", "resolution": "3998px x 2991px", "camera": "iPhone 6s", "software": "VSCO", "aspectRatio": "3:2", "image": "pexels-mauricio-thomsen-4337448.jpg", "photographer": "Mauricio"}}, {"model": "products.product", "pk": 25, "fields": {"name": "White Ceramic Bowl on White Table", "price": "5.99", "category": 5, "lens": "47.0mm ƒ/3.2 0.04s ISO 320", "resolution": "3841px x 5761px", "camera": "ILCE-7M3", "software": "Adobe Photoshop Lightroom Classic 9.2.1 (Windows)", "aspectRatio": "3:2", "image": "pexels-taryn-elliott-4440213.jpg", "photographer": "Taryn Elliott"}}, {"model": "products.product", "pk": 26, "fields": {"name": "Assorted Clothes Hanged Inside Cabinet", "price": "7.99", "category": 5, "lens": "135mm+", "resolution": "2356px x 3001px", "camera": "DSLR", "software": "Adobe Photoshop CS3 Windows", "aspectRatio": "2:3", "image": "pexels-victoria-borodinova-3315286.jpg", "photographer": "Victoria Borodinova"}}, {"model": "products.product", "pk": 27, "fields": {"name": "Turned-on Gray Flat Screen Smart Tv", "price": "5.99", "category": 5, "lens": "55.0mm ƒ/1.8 ISO 100", "resolution": "3400px x 2219px", "camera": "DSLR", "software": "Adobe Photoshop CS6 (Windows)", "aspectRatio": "3:2", "image": "pexels-vecislavas-popa-1571459.jpg", "photographer": "Vecislavas Popa"}}, {"model": "products.product", "pk": 28, "fields": {"name": "Pancake With Honey on Plate", "price": "4.79", "category": 4, "lens": "35.0mm ƒ/1.8 0.00015625s ISO 50", "resolution": "100.0mm ƒ/3.5 1/100s", "camera": "Canon EOS 5D Mark III", "software": "Adobe Photoshop Lightroom Classic 9.1 (Macintosh)", "aspectRatio": "2:3", "image": "pexels-pixabay-357573.jpg", "photographer": "Pixabay"}}, {"model": "products.product", "pk": 29, "fields": {"name": "Orange Slices", "price": "5.59", "category": 4, "lens": "40.0mm ƒ/2.8 1/1250s ISO 100", "resolution": "4199px x 2799px", "camera": "Canon EOS 6D", "software": "Adobe Photoshop Lightroom Classic 7.4 (Windows)", "aspectRatio": "2:3", "image": "pexels-freestocksorg-370014.jpg", "photographer": "freestocks.org"}}, {"model": "products.product", "pk": 30, "fields": {"name": "Cooked Food in Stainless Steel Plate", "price": "6.99", "category": 4, "lens": "40.0mm ƒ/5.6 ISO 500", "resolution": "3348px x 4687px", "camera": "Canon EOS 6D", "software": "Adobe Photoshop Lightroom Classic 8.0 (Macintosh)", "aspectRatio": "3:2", "image": "pexels-william-choquette-2641886.jpg", "photographer": "William Choquette"}}, {"model": "products.product", "pk": 31, "fields": {"name": "Close-up of Pizza", "price": "7.99", "category": 4, "lens": "35.0mm ƒ/1.8 0.00015625s ISO 50", "resolution": "3840px x 5760px", "camera": "Canon EOS 6D", "software": "Adobe Photoshop Lightroom Classic 9.1 (Macintosh)", "aspectRatio": "2:3", "image": "pexels-pixabay-315755.jpg", "photographer": "Pixabay"}}, {"model": "products.product", "pk": 32, "fields": {"name": "Photo Of Person Holding Almond", "price": "7.49", "category": 4, "lens": "135mm+", "resolution": "3506px x 5260px", "camera": "NIKON D90", "software": "Adobe Photoshop Lightroom Classic 7.4 (Windows)", "aspectRatio": "1753:2630", "image": "pexels-ba-tik-3754300.jpg", "photographer": "Ba Tik"}}, {"model": "products.product", "pk": 33, "fields": {"name": "Unrecognizable man standing on street against modern residential buildings", "price": "7.49", "category": 3, "lens": "1.54mm ƒ/2.4 0.0010526315789473684s ISO 20", "resolution": "2667px x 3556px", "camera": "iPhone 11 Pro", "software": "13.4.1", "aspectRatio": "3:4", "image": "pexels-gaurav-ranjitkar-4621866_1.jpg", "photographer": "Guarav Ranjitkar"}}, {"model": "products.product", "pk": 34, "fields": {"name": "Brown and Blue Concrete Building", "price": "7.49", "category": 3, "lens": "24.0mm ƒ/7.1 1/200s ISO 400", "resolution": "5760px x 3840px", "camera": "Canon EOS 5D Mark III", "software": "Adobe Photoshop CC 2014 (Macintosh)", "aspectRatio": "3:2", "image": "pexels-mike-144632.jpg", "photographer": "Life Of Pix Follow"}}, {"model": "products.product", "pk": 35, "fields": {"name": "High-rise Building", "price": "8.25", "category": 3, "lens": "4.2mm ƒ/1.7 ISO 64", "resolution": "2268px x 4032px", "camera": "SM-G955F", "software": "Adobe Photoshop Lightroom 5.5 (Windows)", "aspectRatio": "9:16", "image": "Blue_and_Gray_High_Rise_Building.jpg", "photographer": "Mihai Vlasceanu"}}, {"model": "products.product", "pk": 36, "fields": {"name": "Blue and Gray High Rise Building", "price": "6.99", "category": 3, "lens": "55.0mm ƒ/1.8 ISO 100", "resolution": "2000px x 3000px", "camera": "NIKON D90", "software": "Adobe Photoshop Lightroom 6.0 (Windows)", "aspectRatio": "2:3", "image": "pexels-khalil-fazna-1413643.jpg", "photographer": "Pixabay"}}, {"model": "products.product", "pk": 37, "fields": {"name": "High-angle Photography of Gray Tower", "price": "8.99", "category": 3, "lens": "4.15mm ƒ/2.2 1/3597s ISO 32", "resolution": "3264px x 2448px", "camera": "iPhone 6s", "software": "Adobe Photoshop CC 2015 (Macintosh)", "aspectRatio": "4:3", "image": "pexels-scott-webb-139206.jpg", "photographer": "Scott Webb"}}, {"model": "products.product", "pk": 38, "fields": {"name": "Shallow Focus Photography of Monkey", "price": "5.89", "category": 2, "lens": "50.0mm ƒ/1.8 0.0015625s ISO 100", "resolution": "4000px x 6000px", "camera": "Canon EOS M100", "software": "Adobe Lightroom 3.0 (Macintosh)", "aspectRatio": "2:3", "image": "Shallow_Focus_Photography_of_Monkey.jpg", "photographer": "Leonid Danilov"}}, {"model": "products.product", "pk": 39, "fields": {"name": "Green and Lime Bird on Gray Wood Log", "price": "4.69", "category": 2, "lens": "400.0mm ƒ/5.6 1/250s ISO 400", "resolution": "3400px x 2267px", "camera": "Canon EOS 5D Mark III", "software": "Adobe Photoshop Lightroom 6.7 (Macintosh)", "aspectRatio": "Adobe Photoshop Lightroom 6.7 (Macintosh)", "image": "Green_and_Lime_Bird_on_Gray_Wood_Log.jpg", "photographer": "mark broadhurst"}}, {"model": "products.product", "pk": 40, "fields": {"name": "Bird Flying", "price": "8.97", "category": 2, "lens": "550.0mm ƒ/6.3 0.0008s ISO 1250", "resolution": "2735px x 3419px", "camera": "NIKON D500", "software": "Adobe Photoshop 21.1 (Macintosh)", "aspectRatio": "3:2", "image": "pexels-frank-cone-3959918.jpg", "photographer": "Frank Cone"}}, {"model": "products.product", "pk": 41, "fields": {"name": "Photo Of Deer On Snow", "price": "7.99", "category": 2, "lens": "24.0mm ƒ/2.8 0.00125s ISO 400", "resolution": "3611px x 4514px", "camera": "NIKON D7100", "software": "Adobe Photoshop Lightroom 6.0 (Macintosh)", "aspectRatio": "9:16", "image": "Photo_Of_Deer_On_Snow.jpg", "photographer": "Louis"}}, {"model": "products.product", "pk": 42, "fields": {"name": "Blue and White Abstract Painting", "price": "6.43", "category": 1, "lens": "55.0mm ƒ/1.8 ISO 100", "resolution": "3456px x 5184px", "camera": "Canon EOS 100D", "software": "Adobe Photoshop Lightroom 6.7 (Windows)", "aspectRatio": "2:3", "image": "Blue_and_White_Abstract_Painting.jpg", "photographer": "Emre Can"}}, {"model": "products.product", "pk": 43, "fields": {"name": "Time Lapse Photography of Light on Women's Head", "price": "3.97", "category": 1, "lens": "50.0mm ƒ/2.8 1/200s", "resolution": "3812px x 3050px", "camera": "Canon EOS 650D", "software": "Adobe Photoshop Lightroom 6.0 (Windows)", "aspectRatio": "10:2", "image": "Time_Lapse_Photography_of_Light_on_Womans_Head.jpg", "photographer": "Dark Indigo"}}, {"model": "products.product", "pk": 44, "fields": {"name": "Whiteand blue Abstract Painting", "price": "7.87", "category": 1, "lens": "50.0mm ƒ/2.8 1/200s", "resolution": "3992px x2992px", "camera": "iPhone XR", "software": "Pixlr", "aspectRatio": "4:3", "image": "Whit_and_blue_Abstract_Painting.jpg", "photographer": "Tomas Malik"}}, {"model": "products.product", "pk": 45, "fields": {"name": "Close-Up-Photo Of Painting", "price": "5.99", "category": 1, "lens": "4.25mm ƒ/1.8 ISO 40", "resolution": "2150px x 3840px", "camera": "Canon EOS 6D", "software": "Adobe Photoshop Lightroom Classic 7.4 (Windows)", "aspectRatio": "20:9", "image": "Close-Up_Photo_Of_Painting.jpg", "photographer": "MNM Zameer"}}, {"model": "products.product", "pk": 46, "fields": {"name": "Photo of multicolored illustration", "price": "4.99", "category": 1, "lens": "35.0mm ƒ/1.8 0.00015625s ISO 50", "resolution": "83000px x 4000px", "camera": "NIKON D90", "software": "Adobe Illustrator", "aspectRatio": "2:3", "image": "Photo_Of_Multicolored_Illustration.jpg", "photographer": "Anni Roenkae"}}, {"model": "checkout.order", "pk": 1, "fields": {"order_number": "9BA4560129AC481F99BB3188B867E738", "user_profile": null, "full_name": "Daniel Smith", "email": "danielsmittyd@hotmail.com", "phone_number": "6474027627", "street_address1": "17 Princess Valley Cres", "street_address2": null, "postcode": "L6P 2B8", "town_or_city": "Brampton", "province_or_state": "ON", "country": "CA", "date": "2020-11-16T23:01:42.485Z", "order_total": "0.00", "grand_total": "0.00", "original_bag": "", "stripe_pid": ""}}, {"model": "checkout.order", "pk": 2, "fields": {"order_number": "D155AD33A1D842B9BA1BBC4E8B0A1781", "user_profile": null, "full_name": "Daniel Smith", "email": "danielsmittyd@hotmail.com", "phone_number": "6474027627", "street_address1": "17 Princess Valley Cres", "street_address2": null, "postcode": "L6P 2B8", "town_or_city": "Brampton", "province_or_state": "ON", "country": "CA", "date": "2020-11-16T23:03:41.004Z", "order_total": "0.00", "grand_total": "0.00", "original_bag": "", "stripe_pid": ""}}, {"model": "checkout.order", "pk": 3, "fields": {"order_number": "F2D345EC7F2D4FF5A3C11C58375BB758", "user_profile": null, "full_name": "Daniel Smith", "email": "danielsmittyd@hotmail.com", "phone_number": "6474027627", "street_address1": "17 Princess Valley Cres", "street_address2": null, "postcode": "L6P 2B8", "town_or_city": "Brampton", "province_or_state": "ON", "country": "CA", "date": "2020-11-16T23:03:55.547Z", "order_total": "0.00", "grand_total": "0.00", "original_bag": "", "stripe_pid": ""}}, {"model": "checkout.order", "pk": 4, "fields": {"order_number": "74AE7FBEEF034CD7A6C20922D696BB79", "user_profile": null, "full_name": "Daniel Smith", "email": "danielsmittyd@hotmail.com", "phone_number": "6474027627", "street_address1": "17 Princess Valley Cres", "street_address2": null, "postcode": "L6P 2B8", "town_or_city": "Brampton", "province_or_state": "ON", "country": "CA", "date": "2020-11-16T23:04:38.969Z", "order_total": "0.00", "grand_total": "0.00", "original_bag": "", "stripe_pid": ""}}, {"model": "checkout.order", "pk": 5, "fields": {"order_number": "80313CCE214842F79956FE63D42B2F73", "user_profile": null, "full_name": "Daniel Smith", "email": "danielsmittyd@hotmail.com", "phone_number": "6474027627", "street_address1": "17 Princess Valley Cres", "street_address2": null, "postcode": "L6P 2B8", "town_or_city": "Brampton", "province_or_state": "ON", "country": "CA", "date": "2020-11-16T23:12:36.047Z", "order_total": "0.00", "grand_total": "0.00", "original_bag": "", "stripe_pid": ""}}, {"model": "checkout.order", "pk": 6, "fields": {"order_number": "E735C7670BB946B49B3F78759DCAF84A", "user_profile": null, "full_name": "Daniel Smith", "email": "danielsmittyd@hotmail.com", "phone_number": "6474027627", "street_address1": "17 Princess Valley Cres", "street_address2": null, "postcode": "L6P 2B8", "town_or_city": "Brampton", "province_or_state": "ON", "country": "CA", "date": "2020-11-16T23:24:45.555Z", "order_total": "0.00", "grand_total": "0.00", "original_bag": "{\"38\": 1}", "stripe_pid": "pi_1HoH3hLJhTVUXCZ64zEvCGuE"}}, {"model": "checkout.order", "pk": 7, "fields": {"order_number": "BBA393773CAB4E50815596876325C9FB", "user_profile": null, "full_name": "Daniel Smith", "email": "danielsmittyd@hotmail.com", "phone_number": "6474027627", "street_address1": "17 Princess Valley Cres", "street_address2": null, "postcode": "L6P 2B8", "town_or_city": "Brampton", "province_or_state": "ON", "country": "CA", "date": "2020-11-16T23:30:46.524Z", "order_total": "0.00", "grand_total": "0.00", "original_bag": "{\"38\": 1}", "stripe_pid": "pi_1HoH3hLJhTVUXCZ64zEvCGuE"}}, {"model": "checkout.order", "pk": 8, "fields": {"order_number": "33C9038B13E744458C3CD635B05D5496", "user_profile": null, "full_name": "Daniel Smith", "email": "danielsmittyd@hotmail.com", "phone_number": "6474027627", "street_address1": "17 Princess Valley Cres", "street_address2": null, "postcode": "L6P 2B8", "town_or_city": "Brampton", "province_or_state": "ON", "country": "CA", "date": "2020-11-16T23:34:12.284Z", "order_total": "0.00", "grand_total": "0.00", "original_bag": "{\"38\": 1}", "stripe_pid": "pi_1HoH3hLJhTVUXCZ64zEvCGuE"}}, {"model": "checkout.order", "pk": 9, "fields": {"order_number": "AF3BD4BD40C745729D819DB4C921554D", "user_profile": null, "full_name": "Daniel Smith", "email": "danielsmittyd@hotmail.com", "phone_number": "6474027627", "street_address1": "17 Princess Valley Cres", "street_address2": null, "postcode": "L6P 2B8", "town_or_city": "Brampton", "province_or_state": "ON", "country": "US", "date": "2020-11-16T23:34:59.027Z", "order_total": "0.00", "grand_total": "0.00", "original_bag": "{\"38\": 1}", "stripe_pid": "pi_1HoHDVLJhTVUXCZ6I59opOEp"}}, {"model": "checkout.order", "pk": 10, "fields": {"order_number": "F194F03076BD4FD9B08E41CC5A39FD66", "user_profile": null, "full_name": "Daniel Smith", "email": "danielsmittyd@hotmail.com", "phone_number": "6474027627", "street_address1": "17 Princess Valley Cres", "street_address2": null, "postcode": "L6P 2B8", "town_or_city": "Brampton", "province_or_state": "ON", "country": "CA", "date": "2020-11-16T23:36:56.724Z", "order_total": "0.00", "grand_total": "0.00", "original_bag": "{\"38\": 1}", "stripe_pid": "pi_1HoHFKLJhTVUXCZ6OzAqXF7o"}}, {"model": "checkout.order", "pk": 11, "fields": {"order_number": "84A25D4E6B8C46F59C991B2013BC39BF", "user_profile": null, "full_name": "Daniel Smith", "email": "danielsmittyd@hotmail.com", "phone_number": "6474027627", "street_address1": "17 Princess Valley Cres", "street_address2": null, "postcode": "L6P 2B8", "town_or_city": "Brampton", "province_or_state": "ON", "country": "CA", "date": "2020-11-16T23:37:57.071Z", "order_total": "0.00", "grand_total": "0.00", "original_bag": "{\"38\": 1}", "stripe_pid": "pi_1HoHFKLJhTVUXCZ6OzAqXF7o"}}, {"model": "checkout.order", "pk": 12, "fields": {"order_number": "26E8543DB877481CA6926DACF0133181", "user_profile": null, "full_name": "Daniel Smith", "email": "danielsmittyd@hotmail.com", "phone_number": "6474027627", "street_address1": "17 Princess Valley Cres", "street_address2": null, "postcode": "L6P 2B8", "town_or_city": "Brampton", "province_or_state": "ON", "country": "CA", "date": "2020-11-16T23:38:34.206Z", "order_total": "0.00", "grand_total": "0.00", "original_bag": "{\"38\": 1}", "stripe_pid": "pi_1HoHFKLJhTVUXCZ6OzAqXF7o"}}, {"model": "checkout.order", "pk": 13, "fields": {"order_number": "1FE2B087DB2D4C8FB52D661AD7C2479A", "user_profile": null, "full_name": "Daniel Smith", "email": "danielsmittyd@hotmail.com", "phone_number": "6474027627", "street_address1": "17 Princess Valley Cres", "street_address2": null, "postcode": "L6P 2B8", "town_or_city": "Brampton", "province_or_state": "ON", "country": "CA", "date": "2020-11-16T23:55:14.390Z", "order_total": "0.00", "grand_total": "0.00", "original_bag": "{\"33\": 1, \"38\": 1}", "stripe_pid": "pi_1HoHX6LJhTVUXCZ6trZIsFbi"}}, {"model": "checkout.order", "pk": 14, "fields": {"order_number": "E921322A136C4FAA8D263F2E4ADFA973", "user_profile": null, "full_name": "Daniel Smith", "email": "danielsmittyd@hotmail.com", "phone_number": "6474027627", "street_address1": "17 Princess Valley Cres", "street_address2": null, "postcode": "L6P 2B8", "town_or_city": "Brampton", "province_or_state": "ON", "country": "CA", "date": "2020-11-17T00:11:17.643Z", "order_total": "0.00", "grand_total": "0.00", "original_bag": "{\"33\": 1, \"38\": 1}", "stripe_pid": "pi_1HoHmeLJhTVUXCZ6SY2htHJh"}}, {"model": "checkout.order", "pk": 15, "fields": {"order_number": "839A3029F0674A439E5B4E6942EDC823", "user_profile": null, "full_name": "Daniel Smith", "email": "danielsmittyd@hotmail.com", "phone_number": "6474027627", "street_address1": "17 Princess Valley Cres", "street_address2": null, "postcode": "L6P 2B8", "town_or_city": "Brampton", "province_or_state": "ON", "country": "CA", "date": "2020-11-17T00:12:54.093Z", "order_total": "0.00", "grand_total": "0.00", "original_bag": "{\"33\": 1, \"38\": 1}", "stripe_pid": "pi_1HoHmeLJhTVUXCZ6SY2htHJh"}}, {"model": "checkout.order", "pk": 16, "fields": {"order_number": "524B3378FECD4A838339EFED802E5898", "user_profile": null, "full_name": "Daniel Smith", "email": "danielsmittyd@hotmail.com", "phone_number": "6474027627", "street_address1": "17 Princess Valley Cres", "street_address2": null, "postcode": "L6P 2B8", "town_or_city": "Brampton", "province_or_state": "ON", "country": "CA", "date": "2020-11-17T00:14:52.048Z", "order_total": "0.00", "grand_total": "0.00", "original_bag": "{\"33\": 1, \"38\": 1}", "stripe_pid": "pi_1HoHmeLJhTVUXCZ6SY2htHJh"}}, {"model": "checkout.order", "pk": 17, "fields": {"order_number": "98D99DA4DDFA40EB83D0AE1C288DD428", "user_profile": null, "full_name": "Daniel Smith", "email": "danielsmittyd@hotmail.com", "phone_number": "6474027627", "street_address1": "17 Princess Valley Cres", "street_address2": null, "postcode": "L6P 2B8", "town_or_city": "Brampton", "province_or_state": "ON", "country": "CA", "date": "2020-11-17T00:15:40.604Z", "order_total": "13.38", "grand_total": "13.38", "original_bag": "{\"33\": 1, \"38\": 1}", "stripe_pid": "pi_1HoHmeLJhTVUXCZ6SY2htHJh"}}, {"model": "checkout.order", "pk": 18, "fields": {"order_number": "82EA0C1A14CC4EAC977CA9715BE1364C", "user_profile": null, "full_name": "Daniel Smith", "email": "danielsmittyd@hotmail.com", "phone_number": "6474027627", "street_address1": "17 Princess Valley Cres", "street_address2": null, "postcode": "L6P 2B8", "town_or_city": "Brampton", "province_or_state": "ON", "country": "CA", "date": "2020-11-17T00:16:25.005Z", "order_total": "7.87", "grand_total": "7.87", "original_bag": "{\"44\": 1}", "stripe_pid": "pi_1HoHrbLJhTVUXCZ6WT4SeUUg"}}, {"model": "checkout.order", "pk": 19, "fields": {"order_number": "2FE23AD3C9C048D2A660E8EF30A61C6B", "user_profile": null, "full_name": "Daniel Smith", "email": "danielsmittyd@hotmail.com", "phone_number": "6474027627", "street_address1": "17 Princess Valley Cres", "street_address2": null, "postcode": "L6P 2B8", "town_or_city": "Brampton", "province_or_state": "ON", "country": "CA", "date": "2020-11-17T02:25:47.336Z", "order_total": "6.43", "grand_total": "6.43", "original_bag": "{\"42\": 1}", "stripe_pid": "pi_1HoJssLJhTVUXCZ6P5Eno6wA"}}, {"model": "checkout.order", "pk": 20, "fields": {"order_number": "15DB0D9C91694FADB48E2A08BADC6BCA", "user_profile": 1, "full_name": "Daniel Smith", "email": "danielsmittyd@hotmail.com", "phone_number": "6474027627", "street_address1": "17 Princess Valley Cres", "street_address2": null, "postcode": "L6P 2B8", "town_or_city": "Brampton", "province_or_state": "ON", "country": "CA", "date": "2020-11-17T02:33:50.183Z", "order_total": "7.87", "grand_total": "7.87", "original_bag": "{\"44\": 1}", "stripe_pid": "pi_1HoK0iLJhTVUXCZ6w3L60Eop"}}, {"model": "checkout.order", "pk": 21, "fields": {"order_number": "DE214291AD9747AC87AA2048C348C07C", "user_profile": 1, "full_name": "Daniel Smith", "email": "danielsmittyd@hotmail.com", "phone_number": "6474027627", "street_address1": "17 Princess Valley Cres", "street_address2": null, "postcode": "L6P 2B8", "town_or_city": "Brampton", "province_or_state": "ON", "country": "CA", "date": "2020-11-17T02:37:14.660Z", "order_total": "8.25", "grand_total": "8.25", "original_bag": "{\"35\": 1}", "stripe_pid": "pi_1HoK40LJhTVUXCZ6ooIMl5S2"}}, {"model": "checkout.order", "pk": 22, "fields": {"order_number": "745B194282784A2293EBCCCA52BAB3BC", "user_profile": 1, "full_name": "Daniel Smith", "email": "danielsmittyd@hotmail.com", "phone_number": "6474027627", "street_address1": "17 Princess Valley Cres", "street_address2": null, "postcode": "L6P 2B8", "town_or_city": "Brampton", "province_or_state": "ON", "country": "CA", "date": "2020-11-17T02:38:20.480Z", "order_total": "6.49", "grand_total": "6.49", "original_bag": "{\"19\": 1}", "stripe_pid": "pi_1HoK4aLJhTVUXCZ6uCaZwDdn"}}, {"model": "checkout.order", "pk": 23, "fields": {"order_number": "434ADF92ED9E4839BAB67FEEB3FD577E", "user_profile": 1, "full_name": "Daniel Smith", "email": "danielsmittyd@hotmail.com", "phone_number": "6474027627", "street_address1": "17 Princess Valley Cres", "street_address2": null, "postcode": "L6P 2B8", "town_or_city": "Brampton", "province_or_state": "ON", "country": "CA", "date": "2020-11-17T02:55:41.199Z", "order_total": "7.87", "grand_total": "7.87", "original_bag": "{\"44\": 1}", "stripe_pid": "pi_1HoKLoLJhTVUXCZ6lgbEqC4H"}}, {"model": "checkout.order", "pk": 24, "fields": {"order_number": "654078990C2F4FD0B8D0289A180A5364", "user_profile": 1, "full_name": "Daniel Smith", "email": "danielsmittyd@hotmail.com", "phone_number": "6474027627", "street_address1": "17 Princess Valley Cres", "street_address2": null, "postcode": "L6P 2B8", "town_or_city": "Brampton", "province_or_state": "ON", "country": "CA", "date": "2020-11-17T03:06:00.165Z", "order_total": "4.99", "grand_total": "4.99", "original_bag": "{\"46\": 1}", "stripe_pid": "pi_1HoKVkLJhTVUXCZ6PseNP2hE"}}, {"model": "checkout.order", "pk": 25, "fields": {"order_number": "260A2D117EBE49C6BEDE0705A3701293", "user_profile": null, "full_name": "Daniel Smith", "email": "danielsmittyd@hotmail.com", "phone_number": "6474027627", "street_address1": "17 Princess Valley Cres", "street_address2": null, "postcode": "L6P 2B8", "town_or_city": "Brampton", "province_or_state": "ON", "country": "CA", "date": "2020-11-17T18:38:28.460Z", "order_total": "4.47", "grand_total": "4.47", "original_bag": "{\"1\": 1}", "stripe_pid": "pi_1HoZ4FLJhTVUXCZ6RH9BzXlI"}}, {"model": "checkout.orderlineitem", "pk": 1, "fields": {"order": 17, "product": 33, "quantity": 1, "lineitem_total": "7.49"}}, {"model": "checkout.orderlineitem", "pk": 2, "fields": {"order": 17, "product": 38, "quantity": 1, "lineitem_total": "5.89"}}, {"model": "checkout.orderlineitem", "pk": 3, "fields": {"order": 18, "product": 44, "quantity": 1, "lineitem_total": "7.87"}}, {"model": "checkout.orderlineitem", "pk": 4, "fields": {"order": 19, "product": 42, "quantity": 1, "lineitem_total": "6.43"}}, {"model": "checkout.orderlineitem", "pk": 5, "fields": {"order": 20, "product": 44, "quantity": 1, "lineitem_total": "7.87"}}, {"model": "checkout.orderlineitem", "pk": 6, "fields": {"order": 21, "product": 35, "quantity": 1, "lineitem_total": "8.25"}}, {"model": "checkout.orderlineitem", "pk": 7, "fields": {"order": 22, "product": 19, "quantity": 1, "lineitem_total": "6.49"}}, {"model": "checkout.orderlineitem", "pk": 8, "fields": {"order": 23, "product": 44, "quantity": 1, "lineitem_total": "7.87"}}, {"model": "checkout.orderlineitem", "pk": 9, "fields": {"order": 24, "product": 46, "quantity": 1, "lineitem_total": "4.99"}}, {"model": "checkout.orderlineitem", "pk": 10, "fields": {"order": 25, "product": 1, "quantity": 1, "lineitem_total": "4.47"}}, {"model": "profiles.userprofile", "pk": 1, "fields": {"user": 1, "default_phone_number": "6474027627", "default_email": null, "default_street_address1": "17 Princess Valley Cres", "default_street_address2": null, "default_town_or_city": "Brampton", "default_province_or_state": "ON", "default_postcode": "L6P 2B8", "default_country": "CA"}}]